曲名(YouTube生表示),アーティスト(チャンネル名),JASRAC検索用曲名,JASRAC検索用アーティスト,権利識別コード,コード照合ステータス,リリース日,季節タグ,情報源,一次ソースURL,カラオケ音源(原盤)検索URL,権利確認日,推奨有効期限,総再生数,高評価数,コメント数,エンゲージメント率(%),日速再生数,DB登録日
Mrs. GREEN APPLE「Brand New」Official Music Video,Mrs. GREEN APPLE,Brand New,Mrs. GREEN APPLE,参考候補:T-909.260.362-8,ISWCコード確認済み,2026-07-31,2026年夏,MusicBrainz API (同名異曲候補あり),https://musicbrainz.org/work/0c9b4735-4e43-30db-b061-f4f4de6d70c3,https://www.youtube.com/results?search_query=Mrs.%20GREEN%20APPLE%20Brand%20New%20%E3%82%AB%E3%83%A9%E3%82%AA%E3%82%B1%20%E6%AD%8C%E6%9E%A0%E7%94%A8,2026-08-02,2026-10-31,1715949,88264,6061,5.5,1715949,2026-08-02
Snow Man - グッタイム / THE FIRST TAKE,THE FIRST TAKE,グッタイム,Snow Man,コード未取得,手動検索を推奨 (JASRAC/NexTone等),2026-07-24,2026年夏,YouTube / MusicBrainz,https://musicbrainz.org/search?query=%E3%82%B0%E3%83%83%E3%82%BF%E3%82%A4%E3%83%A0&type=work,https://www.youtube.com/results?search_query=Snow%20Man%20%E3%82%B0%E3%83%83%E3%82%BF%E3%82%A4%E3%83%A0%20%E3%82%AB%E3%83%A9%E3%82%AA%E3%82%B1%20%E6%AD%8C%E6%9E%A0%E7%94%A8,2026-08-02,2026-10-31,5768995,171655,14080,3.22,721124,2026-08-02
"ACEes【真夜中のZOO】Arena Tour 2026 ""V"" より",ジュニアCHANNEL,真夜中のZOO,Aぇ! group,コード未取得,手動検索を推奨 (JASRAC/NexTone等),2026-07-25,2026年夏,YouTube / MusicBrainz,https://musicbrainz.org/search?query=%E7%9C%9F%E5%A4%9C%E4%B8%AD%E3%81%AEZOO&type=work,https://www.youtube.com/results?search_query=A%E3%81%87%21%20group%20%E7%9C%9F%E5%A4%9C%E4%B8%AD%E3%81%AEZOO%20%E3%82%AB%E3%83%A9%E3%82%AA%E3%82%B1%20%E6%AD%8C%E6%9E%A0%E7%94%A8,2026-08-02,2026-10-31,2316268,33810,83373,5.06,330895,2026-08-02
"BE:FIRST / BRUCE WAYNE feat. Flo Milli, ATL Jacob -Music Video-",BE:FIRST,"BRUCE WAYNE feat. Flo Milli, ATL Jacob",BE:FIRST,コード未取得,手動検索を推奨 (JASRAC/NexTone等),2026-07-31,2026年夏,YouTube / MusicBrainz,https://musicbrainz.org/search?query=BRUCE%20WAYNE%20feat.%20Flo%20Milli%2C%20ATL%20Jacob&type=work,https://www.youtube.com/results?search_query=BE%3AFIRST%20BRUCE%20WAYNE%20feat.%20Flo%20Milli%2C%20ATL%20Jacob%20%E3%82%AB%E3%83%A9%E3%82%AA%E3%82%B1%20%E6%AD%8C%E6%9E%A0%E7%94%A8,2026-08-02,2026-10-31,2043004,57529,4060,3.01,1021502,2026-08-02
GO GHOST,King Gnu - Topic,GO GHOST,King Gnu,コード未取得,手動検索を推奨 (JASRAC/NexTone等),2026-07-28,2026年夏,MusicBrainz API,https://musicbrainz.org/search?query=GO%20GHOST&type=work,https://www.youtube.com/results?search_query=King%20Gnu%20GO%20GHOST%20%E3%82%AB%E3%83%A9%E3%82%AA%E3%82%B1%20%E6%AD%8C%E6%9E%A0%E7%94%A8,2026-08-02,2026-10-31,1110030,28625,1116,2.68,277507,2026-08-02
島のうた (セイレーンver.),Release - Topic,島のうた (セイレーンver.),"セイレーン(CV.鈴木みのり), 人魚(CV.大木咲絵子) & 人魚(CV.七瀬彩夏)",コード未取得,手動検索を推奨 (JASRAC/NexTone等),2026-07-24,2026年夏,YouTube / MusicBrainz,https://musicbrainz.org/search?query=%E5%B3%B6%E3%81%AE%E3%81%86%E3%81%9F&type=work,https://www.youtube.com/results?search_query=%E3%82%BB%E3%82%A4%E3%83%AC%E3%83%BC%E3%83%B3%28CV.%E9%88%B4%E6%9C%A8%E3%81%BF%E3%81%AE%E3%82%8A%29%2C%20%E4%BA%BA%E9%AD%9A%28CV.%E5%A4%A7%E6%9C%A8%E5%92%B2%E7%B5%B5%E5%AD%90%29%20%26%20%E4%BA%BA%E9%AD%9A%28CV.%E4%B8%83%E7%80%AC%E5%BD%A9%E5%A4%8F%29%20%E5%B3%B6%E3%81%AE%E3%81%86%E3%81%9F%20%28%E3%82%BB%E3%82%A4%E3%83%AC%E3%83%BC%E3%83%B3ver.%29%20%E3%82%AB%E3%83%A9%E3%82%AA%E3%82%B1%20%E6%AD%8C%E6%9E%A0%E7%94%A8,2026-08-02,2026-10-31,1243880,20983,0,1.69,155485,2026-08-02
M!LK - You!Joy!Parade!（Dance Practice Movie）,M!LK,You!Joy!Parade!,M!LK,コード未取得,手動検索を推奨 (JASRAC/NexTone等),2026-07-24,2026年夏,YouTube / MusicBrainz,https://musicbrainz.org/search?query=You%20Joy%20Parade&type=work,https://www.youtube.com/results?search_query=M%21LK%20You%21Joy%21Parade%21%20%E3%82%AB%E3%83%A9%E3%82%AA%E3%82%B1%20%E6%AD%8C%E6%9E%A0%E7%94%A8,2026-08-02,2026-10-31,1594951,66051,6269,4.53,199368,2026-08-02
モエチャッカファイア／Cover - ヒューゴ、狛野真斗、ライト、セヴェリアン,HoYoFair,モエチャッカファイア,ンバヂ,参考候補:T-328.893.941-9,ISWCコード確認済み [注意: HoYoFair関連（原神等のファンメイド・二次創作コンテンツの可能性）],2026-07-25,2026年夏,MusicBrainz API (同名異曲候補あり),https://musicbrainz.org/work/3e789d6d-3b7a-4a29-b418-f907566516aa,https://www.youtube.com/results?search_query=%E3%83%B3%E3%83%90%E3%83%82%20%E3%83%A2%E3%82%A8%E3%83%81%E3%83%A3%E3%83%83%E3%82%AB%E3%83%95%E3%82%A1%E3%82%A4%E3%82%A2%20%E3%82%AB%E3%83%A9%E3%82%AA%E3%82%B1%20%E6%AD%8C%E6%9E%A0%E7%94%A8,2026-08-02,2026-10-31,2259376,86556,3198,3.97,322768,2026-08-02
"ILLIT (아일릿) 'I Got Your Back (Feat. JISOO, MOMOKA of HANA)' Official MV",HYBE LABELS,I Got Your Back,ILLIT & HANA,コード未取得,手動検索を推奨 (JASRAC/NexTone等),2026-07-26,2026年夏,YouTube / MusicBrainz,https://musicbrainz.org/search?query=I%20Got%20Your%20Back&type=work,https://www.youtube.com/results?search_query=ILLIT%20%26%20HANA%20I%20Got%20Your%20Back%20%E3%82%AB%E3%83%A9%E3%82%AA%E3%82%B1%20%E6%AD%8C%E6%9E%A0%E7%94%A8,2026-08-02,2026-10-31,6480340,389187,29011,6.45,1080056,2026-08-02
うさぎラップ (リズム感のある者たちver.),Release - Topic,うさぎラップ (リズム感のある者たちver.),"うさぎ(CV.小澤亜李), モモンガ(CV.井口裕香), 人魚(CV.大木咲絵子) & 人魚(CV.七瀬彩夏)",コード未取得,手動検索を推奨 (JASRAC/NexTone等),2026-07-24,2026年夏,YouTube / MusicBrainz,https://musicbrainz.org/search?query=%E3%81%86%E3%81%95%E3%81%8E%E3%83%A9%E3%83%83%E3%83%97&type=work,https://www.youtube.com/results?search_query=%E3%81%86%E3%81%95%E3%81%8E%28CV.%E5%B0%8F%E6%BE%A4%E4%BA%9C%E6%9D%8E%29%2C%20%E3%83%A2%E3%83%A2%E3%83%B3%E3%82%AC%28CV.%E4%BA%95%E5%8F%A3%E8%A3%95%E9%A6%99%29%2C%20%E4%BA%BA%E9%AD%9A%28CV.%E5%A4%A7%E6%9C%A8%E5%92%B2%E7%B5%B5%E5%AD%90%29%20%26%20%E4%BA%BA%E9%AD%9A%28CV.%E4%B8%83%E7%80%AC%E5%BD%A9%E5%A4%8F%29%20%E3%81%86%E3%81%95%E3%81%8E%E3%83%A9%E3%83%83%E3%83%97%20%28%E3%83%AA%E3%82%BA%E3%83%A0%E6%84%9F%E3%81%AE%E3%81%82%E3%82%8B%E8%80%85%E3%81%9F%E3%81%A1ver.%29%20%E3%82%AB%E3%83%A9%E3%82%AA%E3%82%B1%20%E6%AD%8C%E6%9E%A0%E7%94%A8,2026-08-02,2026-10-31,801643,15646,0,1.95,100205,2026-08-02
机さする,Haruka Aoki - Topic,机さする,青木遥,コード未取得,手動検索を推奨 (JASRAC/NexTone等),2026-07-24,2026年夏,YouTube / MusicBrainz,https://musicbrainz.org/search?query=%E6%9C%BA%E3%81%95%E3%81%99%E3%82%8B&type=work,https://www.youtube.com/results?search_query=%E9%9D%92%E6%9C%A8%E9%81%A5%20%E6%9C%BA%E3%81%95%E3%81%99%E3%82%8B%20%E3%82%AB%E3%83%A9%E3%82%AA%E3%82%B1%20%E6%AD%8C%E6%9E%A0%E7%94%A8,2026-08-02,2026-10-31,727303,13495,0,1.86,90912,2026-08-02
好き,星野源 Gen Hoshino - Topic,好き,星野源,参考候補:T-101.319.727-6,ISWCコード確認済み,2026-07-28,2026年夏,MusicBrainz API (同名異曲候補あり),https://musicbrainz.org/work/af6db0df-5e73-4dc6-bf12-02cace686342,https://www.youtube.com/results?search_query=%E6%98%9F%E9%87%8E%E6%BA%90%20%E5%A5%BD%E3%81%8D%20%E3%82%AB%E3%83%A9%E3%82%AA%E3%82%B1%20%E6%AD%8C%E6%9E%A0%E7%94%A8,2026-08-02,2026-10-31,413001,14234,0,3.45,103250,2026-08-02
くつずれ,Release - Topic,くつずれ,Release - Topic,コード未取得,手動検索を推奨 (JASRAC/NexTone等),2026-07-24,2026年夏,YouTube / MusicBrainz,https://musicbrainz.org/search?query=%E3%81%8F%E3%81%A4%E3%81%9A%E3%82%8C&type=work,https://www.youtube.com/results?search_query=Release%20-%20Topic%20%E3%81%8F%E3%81%A4%E3%81%9A%E3%82%8C%20%E3%82%AB%E3%83%A9%E3%82%AA%E3%82%B1%20%E6%AD%8C%E6%9E%A0%E7%94%A8,2026-08-02,2026-10-31,769647,10909,0,1.42,96205,2026-08-02
T.M.Revolution - HOT LIMIT / THE FIRST TAKE,THE FIRST TAKE,HOT LIMIT,T.M.Revolution,参考候補:T-101.428.001-2,ISWCコード確認済み,2026-07-10,2026年夏,MusicBrainz API (同名異曲候補あり),https://musicbrainz.org/work/d247635d-0ac1-4091-b182-a493a50424cf,https://www.youtube.com/results?search_query=T.M.Revolution%20HOT%20LIMIT%20%E3%82%AB%E3%83%A9%E3%82%AA%E3%82%B1%20%E6%AD%8C%E6%9E%A0%E7%94%A8,2026-08-02,2026-10-31,22257849,721073,46208,3.45,1011720,2026-08-02
aespa エスパ 'KISS N TELL' MV,SMTOWN,KISS N TELL,aespa,参考候補:T-906.722.418-4,ISWCコード確認済み,2026-07-23,2026年夏,MusicBrainz API (同名異曲候補あり),https://musicbrainz.org/work/eaea11f1-cf40-3eb4-9027-4a9f451fe3e6,https://www.youtube.com/results?search_query=aespa%20KISS%20N%20TELL%20%E3%82%AB%E3%83%A9%E3%82%AA%E3%82%B1%20%E6%AD%8C%E6%9E%A0%E7%94%A8,2026-08-02,2026-10-31,5185486,371487,15512,7.46,576165,2026-08-02
